,개인,외국인,기관,금융투자,보험,투신,은행
2024-11-18 05:17:30.395257,1595293508476.9146,-1820633670034.5361,149014245903.3698,172800762996.9123,103629866666.96875,21100788948.248276,13321870938.501076
2024-11-19 05:17:30.395257,571652333902.2399,-710661253617.3364,-41479290351.3554,21030433712.030426,60708709637.101494,34666421407.31105,-29205600610.035873
2024-11-20 05:17:30.395257,-33841863621.56067,-323218941596.9633,194306561430.20773,109567365712.25993,7583177210.565075,98656361665.39682,19043927720.180916
2024-11-21 05:17:30.395257,367193427576.73004,-819293889832.9994,456908956922.40753,108049280801.84537,111171968056.35196,96426858855.95424,22132618200.170704
2024-11-22 05:17:30.395257,-526117657575.90234,622335920165.0514,-70246012417.0008,814214463.0581055,10652306830.736784,-10019270870.381088,-35814936938.96023
2024-11-25 05:17:30.395257,887217278305.5874,-907407853731.2742,-70241087084.75417,-21375883534.541386,-1014529125.7554798,-76127974680.2211,19782732734.905716
2024-11-26 05:17:30.395257,922242275.1612244,-410826841049.6413,473763844652.21747,311416190510.8678,67237511238.172485,17808893544.06398,8996360696.64989
2024-11-27 05:17:30.395257,-272480682964.47327,-123901742008.29533,230230418745.87262,10463393665.492615,12464915352.271954,19273327594.147507,-4693527802.993988
2024-11-28 05:17:30.395257,-398662845015.7712,532897180931.52515,-140842315780.48563,-192611043509.1176,-29446166705.66939,-51601957475.037,-3030731844.4054246
2024-11-29 05:17:30.395257,620268339089.4087,-904137972141.4438,162768013075.7894,202976093178.76398,91190053578.12611,15066636812.096107,31111147642.363773
2024-12-02 05:17:30.395257,-323065849512.0413,396907546575.5641,-139025307843.73868,-87370700091.9087,-625053839.026123,-18021299931.705444,-27267701771.75487
2024-12-03 05:17:30.395257,322484025145.0322,-178025231942.31375,-139718926071.07706,-15681285905.383781,-46474501818.520706,5526798807.174984,-5752349306.5944195
2024-12-04 05:17:30.395257,513733502928.06885,-672363520926.2743,72588681469.81024,46385046494.93227,53102671826.37929,7363363317.516975,12205764080.101973
2024-12-05 05:17:30.395257,484553410195.2119,50975108779.14492,-573984073397.3394,-341414830088.8291,-257223945710.97162,-61772528818.29081,-14837091524.604088
2024-12-06 05:17:30.395257,697118844191.3009,-79014213515.94698,-517475349753.9098,-216656829254.74612,-46056784932.17679,-74397581722.58046,-22344936382.15099
2024-12-09 05:17:30.395257,588117004652.2478,-477119932832.27094,-168686258772.2918,-152816228085.11246,-120722940693.36334,-124076267133.53732,-15774869720.281036
2024-12-10 05:17:30.395257,527996432014.897,-140577884708.05566,-303849336100.32715,-172697523966.09796,-78891914290.22205,-92544170105.98679,-31744271217.990753
2024-12-11 05:17:30.395257,159358273339.79282,-366603158584.1368,94274199778.58215,10336990996.645042,-37128654775.59076,6936752180.70655,6436587649.856603
2024-12-12 05:17:30.395257,441042760925.7158,-115655120477.82426,-272407222656.36328,-206893956337.04953,-119215518317.31795,-101345820540.50987,-35063141372.530304
2024-12-13 05:17:30.395257,407663861259.49396,160184111206.88348,-423691110400.5874,-285131878587.2164,-26696882711.19152,-33557230060.277878,-79611565189.92152
2024-12-16 05:17:30.395257,-1310518829758.0398,623659749068.8446,439694630676.4662,286030155569.251,64553866069.69868,142491736218.6548,30715927616.97667
2024-12-17 05:17:30.395257,774767205966.3606,-786723841367.4475,-67732890145.9607,-88514596253.92415,3778616057.343649,50778159062.971725,14692052314.425873
2024-12-18 05:17:30.395257,-862784411112.242,900233162423.9187,20258461406.37715,137730689401.17838,1705663337.316227,-7633374335.553826,-46245725640.517914
2024-12-19 05:17:30.395257,1547914774875.3945,-1140794857615.657,-427424455864.037,-345915403740.37256,-61632849811.65133,10422638462.89206,-41565836887.400604
2024-12-20 05:17:30.395257,439540343017.075,-239110938322.38934,-163314817357.5548,-116676054830.6688,-28821868918.498196,-17063849743.527641,4217344352.2262135
2024-12-23 05:17:30.395257,-226148075072.04086,132472779487.49898,33276776912.959827,-24007039679.6416,-57494255826.83652,-11862782018.957994,42813748239.88197
2024-12-24 05:17:30.395257,373614374811.4454,-19657322837.464516,-345298073226.69086,-62481055500.641205,-19246273672.98118,-82464844161.05061,-16849029507.826387
2024-12-25 05:17:30.395257,341693320522.5598,-469970449565.46936,112709405503.70158,87281120953.37842,-2145948057.325306,1782926501.1488209,-8924588549.39761
2024-12-26 05:17:30.395257,558119060925.6238,-261149247784.0016,-180191606975.6415,-4930510238.521423,-113867416328.11584,-46437581973.40767,-12667509170.87888
2024-12-27 05:17:30.395257,515006232153.07635,-402056022884.972,-87508124937.98303,-201060912266.48703,-38907383035.892235,-4605407621.923069,23122122136.064545
2024-12-30 05:17:30.395257,662977616854.1921,-448705366977.85284,-180511983668.8191,-81602163614.36557,38935592797.95173,-19048098497.829636,-21944882765.93166
2024-12-31 05:17:30.395257,-869181779019.5017,272310627054.5736,555683455352.6814,422373152773.9525,153647778176.21094,83504819310.57294,11800332634.629
2025-01-01 05:17:30.395257,-72261343562.26259,27549888576.393414,-4049167421.3801765,5798898474.7143135,-18242440204.668995,21239533374.110466,-9857328814.709656
2025-01-02 05:17:30.395257,769937544891.457,-495880084986.6489,-317313278686.77014,-83839929705.52696,-80925540953.27548,11935321936.301552,-34932236099.51276
2025-01-03 05:17:30.395257,-509225476803.239,301907217410.112,246763473630.9567,96329239168.53679,33270942165.322212,84492227816.70969,14791580001.443747
2025-01-06 05:17:30.395257,316865039727.68066,7289607181.599672,-366253094991.30664,-78817112976.22598,30586780179.780716,-129182862671.19116,14180914419.825878
2025-01-07 05:17:30.395257,-295285066024.36884,261603473212.5835,62659078501.42662,267485259462.781,31628588311.86299,-118297194969.88374,9594539387.391914
2025-01-08 05:17:30.395257,623921715223.7585,171519401804.71802,-587901037163.9327,-389024478342.32556,-96078125073.23308,-41469160012.62622,-34442121900.72239
2025-01-09 05:17:30.395257,1041828242581.0142,-556259957568.3158,-398455814669.5292,-283623740941.7947,-28176990232.31373,-128112307121.20042,-25759016111.787342
2025-01-10 05:17:30.395257,328659681178.4348,-420320405155.956,59058370760.73706,180773470168.2123,23751132103.47309,-2379514480.523617,-28310897635.896286
2025-01-13 05:17:30.395257,-336368066336.1967,234949484553.96808,221539973998.62314,290881198972.2451,31355887508.689476,-25274655203.17451,28739194242.874336
2025-01-14 05:17:30.395257,-260238403418.02432,168020381758.87802,51410484356.99115,-21439712101.132145,464604417.1493168,-82387449225.45232,1013780277.5935168
2025-01-15 05:17:30.395257,-23034987911.193176,-146082980890.12006,-34694484716.47216,-62835372539.469025,-10518959913.997631,21868963702.768578,-5344322507.636121
2025-01-16 05:17:30.395257,64958402788.89278,-75435925203.84656,-90331108676.78664,-82377126092.12271,-19927333560.849407,24408091713.61435,59345595923.057884
2025-01-17 05:17:30.395257,-249787993078.1407,506265398085.78326,-443556597110.22815,-400579009369.5646,-52329842240.19665,-95359009602.8702,-16202771688.197685
2025-01-20 05:17:30.395257,607622091290.8174,-426820177176.53564,-215953262518.4126,-221437152159.46735,-40593358213.31755,-161945103985.0074,-25833484127.824318
2025-01-21 05:17:30.395257,-4013305669.3152766,144046774876.2067,-138191631287.93625,-183329055447.96854,8993677603.191711,-48040967105.814575,-15436733488.507679
2025-01-22 05:17:30.395257,79572738237.80441,-229065674875.9509,317136667865.67474,113502244208.992,59391504567.70583,67160700449.97854,38825747577.218834
2025-01-23 05:17:30.395257,164884633728.6834,-235277383222.80557,103085486870.53842,58382803383.644936,24548856889.912216,-58482755408.12567,7419682554.28221
2025-01-24 05:17:30.395257,82517782293.72575,424484211434.208,-528912046608.8202,-293925754711.64,-205692443548.36945,-70168811002.36525,-55211161896.788345
2025-01-27 05:17:30.395257,-303621159684.52594,289336526984.4364,97225190818.4385,213385163772.4708,65261421898.81177,13818286164.115997,23245838232.425995
2025-01-28 05:17:30.395257,-390504584316.4427,284915737540.54913,-115524684124.89496,-169150214548.81607,-5780513030.079357,11635872361.320179,-19139115917.024628
2025-01-29 05:17:30.395257,-305794834264.5586,532432890167.2028,-203076600091.78763,-23413720207.4142,9285185474.625076,-24482471593.06048,27312125519.761524
2025-01-30 05:17:30.395257,1855658280.2100525,-108272025543.77374,183502886652.26038,88702847568.80533,-108112191579.23239,-21128014046.23872,30776105646.90599
2025-01-31 05:17:30.395257,-680893587663.9066,223735106337.13715,309299856748.7853,180633543084.02786,166278706588.79343,106223553595.54236,6518554924.26424
2025-02-03 05:17:30.395257,105833559143.09778,-270842190557.26443,279384035734.85956,235112370657.5761,48897325739.21323,33981126708.880436,39589529021.44524
2025-02-04 05:17:30.395257,237707966682.73987,47906931033.49306,-251765256966.79153,-263331356336.30478,5056089443.517517,-39130015520.51532,-11231152637.791512
2025-02-05 05:17:30.395257,228950126710.04608,-177715205344.76184,-92763712755.36436,-17417253034.81356,-70548038907.34943,-60577954866.96446,12417287864.67617
2025-02-06 05:17:30.395257,26512285804.31131,-62613128614.75201,99379029421.06918,76272638473.94711,50514501137.34232,-7257258146.415138,14663607816.942955
2025-02-07 05:17:30.395257,-253594221013.4223,187999968657.1541,292663538136.70776,224843249282.83957,5861929468.658745,-340604980.83888245,-2293956192.9820824
2025-02-10 05:17:30.395257,679095215487.6669,-517156318628.23047,-143752271353.58698,-57334498421.37037,-59938902305.50765,-30210143699.20919,-20058610214.02859
2025-02-11 05:17:30.395257,-859160476251.8656,939680227881.0443,-55697692999.145134,212111398191.60236,84562029093.51028,77230770057.2454,17814331701.665966
2025-02-12 05:17:30.395257,893953935909.5126,-607989533661.7285,-331900492201.8085,-262914293746.21667,-75914218478.52902,-118380130976.83908,-23290531252.22124
2025-02-13 05:17:30.395257,984420132533.6572,-710542582255.9352,-358861987224.20123,-268416887834.70248,-60900753785.85411,-134507367977.46725,-26016068626.049995
2025-02-14 05:17:30.395257,-637863893001.6082,477139727937.7734,243757746718.2594,83940595388.47919,92254935878.0896,110122178382.41933,-6914564251.074085
2025-02-17 05:17:30.395257,-787928596381.1494,295448205219.0158,406872008571.2469,188575493226.72266,106158496112.87961,50564617428.09373,28815581740.431564
2025-02-18 05:17:30.395257,-184449673617.3945,213209333813.4339,-21603036474.100155,-76700534615.11186,3200337962.3587894,-36694092404.110855,40170346561.15789
2025-02-19 05:17:30.395257,-565680361013.4236,216854746969.3047,301059869367.60724,299537574731.3195,78460023996.83273,97154214774.94492,-6297664816.705093
2025-02-20 05:17:30.395257,41316002096.83308,-101908827036.48413,108490807514.29024,207144909307.55963,141868940764.7718,-14007155859.699669,5908929509.169673
2025-02-21 05:17:30.395257,769782196216.3662,-542880059306.13416,-193535926381.53726,-173196185203.87,-41588125127.986725,62270096720.11621,18567614789.23172
2025-02-24 05:17:30.395257,50153340189.81255,-54818027416.54681,108418681652.52417,-18184348318.90837,31738688666.253212,50159095814.84207,3828106257.7119064
2025-02-25 05:17:30.395257,-82644014605.60806,-429768595219.65735,461410969939.7907,323988137602.5148,144814913788.33875,44816075083.683464,32117984421.984215
2025-02-26 05:17:30.395257,-414144376091.4341,397904694295.08246,-10747811732.98546,-61670991467.888405,53126734301.30209,106253238903.32736,-21785261149.58687
2025-02-27 05:17:30.395257,-405618172207.37854,-161651296115.054,469393096744.20184,344929039822.0722,153230134626.85938,40123218361.46336,32035796781.363068
2025-02-28 05:17:30.395257,1240832841929.7444,-499338636710.432,-785923531226.9233,-451261816651.02405,-125248195143.92545,-80783761083.57315,-43039061861.43714
2025-03-03 05:17:30.395257,36909690082.782585,-245750392090.86453,246570751312.56717,-3631960712.1829224,-7836095374.010742,51950241717.20967,32043137479.225616
2025-03-04 05:17:30.395257,-73356081730.16895,122940822923.25276,26114120471.451366,170418992415.87698,86894400709.34506,69004182540.65761,25053427054.86759
2025-03-05 05:17:30.395257,361340286288.7361,-363854613566.73834,-89702205139.76024,125766444225.69601,-75257710678.88644,64620229065.3786,47306162583.38426
2025-03-06 05:17:30.395257,551002326948.0735,-491569967898.1582,27528232960.65069,-44761929272.04822,20637419854.081802,5729442397.385934,12969075112.304047
2025-03-07 05:17:30.395257,688918057579.9409,42916402680.82204,-596270674380.2678,-396532560621.75916,-156967927377.02148,-127111494674.34935,-23297607387.370064
2025-03-10 05:17:30.395257,62156407134.58795,45088649539.03571,-65901566351.25358,-10954400738.26165,-16387230599.900345,13113372194.267786,592607713.9840412
2025-03-11 05:17:30.395257,409879466453.36487,-329333656651.08215,107133771453.52393,97725941870.81685,37864874805.87881,-17815702769.576717,-1706637283.53757
2025-03-12 05:17:30.395257,-210898478607.94196,-309848654724.8702,443368213422.45483,331875355320.7559,104741503457.00462,167174594389.69937,28938087540.356564
2025-03-13 05:17:30.395257,-12212438661.965256,43228033812.91776,-155481065482.0942,107731814587.37846,-10000175384.654606,-16495393268.177258,-13682081476.8853
2025-03-14 05:17:30.395257,859982594542.2825,-795306538564.754,-242548080867.9563,-163223571270.1787,32175947279.341095,-54648289695.798874,-8758184518.005531
2025-03-17 05:17:30.395257,1073595232178.8405,-773463687954.5612,-150527113075.36096,-170145992299.06195,-7428707539.373203,-13345051668.058722,18825595058.391144
2025-03-18 05:17:30.395257,218237274667.47665,-427421344342.6931,274620635310.62222,26840458384.920593,42716295297.59202,-26163219179.891495,-6399819540.06171
2025-03-19 05:17:30.395257,69206442533.63947,-173390242522.5903,98625332897.90533,-13917804255.448708,67929424993.99893,-33786901990.84678,27728837867.476173
2025-03-20 05:17:30.395257,96605240579.94962,90319683182.14404,-158928061130.11163,-98669533965.44669,27687912220.209705,36181486227.70453,18395898290.291725
2025-03-21 05:17:30.395257,-940605710571.5707,674076575907.7262,153980229934.0068,271843924312.18283,-30584344770.048264,-9747679458.468765,5337640956.878765
2025-03-24 05:17:30.395257,-151308912926.4978,366760846083.7683,29123264804.412117,-34287171020.96987,35694656453.37532,-47977059413.435165,-40980934739.95129
2025-03-25 05:17:30.395257,-137165715513.1975,-140505663449.1465,290593497159.86676,196734893459.8099,93177336547.51828,70421662200.34433,2373235116.1046886
2025-03-26 05:17:30.395257,290067342992.664,-68511935368.96893,-210615928163.20572,-128011846505.19864,-57001360800.64074,27692818508.668983,15409094523.061901
2025-03-27 05:17:30.395257,729611253055.92,-558735946686.7205,-98298643979.33046,59860140957.21014,49125611869.71489,21202868936.353767,-5372293444.944165
2025-03-28 05:17:30.395257,230928634427.52124,-65195265314.20263,-117632445939.6473,182113775023.5738,-31029268539.555794,32157517399.343723,-25867666942.88058
2025-03-31 05:17:30.395257,660178336595.8171,-198735449728.2684,-439054484439.6356,-316519567955.8134,-81532074214.35,-103697927094.41838,-32048222646.546127
2025-04-01 05:17:30.395257,-276369245614.5579,108485716950.65393,88836083119.37282,4357705619.801476,9113625409.681086,-57765120869.18627,21254204686.0597
2025-04-02 05:17:30.395257,433786722004.37665,-464956467944.7439,78316581653.9668,151406036699.2873,16442268709.866737,86814169845.86935,14850500446.725925
2025-04-03 05:17:30.395257,-23196415347.04712,209864828001.8122,1534036992.738267,69109571158.27411,-54506946946.21244,-15903886393.196047,-4701940133.756973
2025-04-04 05:17:30.395257,-513175449804.28156,718093594432.3234,-70376140012.54408,142445048566.0769,-86077772132.22354,-23098071824.63398,-10855295236.920956
2025-04-07 05:17:30.395257,685053254526.6499,-101123369247.58588,-424611222615.12427,-196373915036.47815,-5196991361.776245,2718023700.184265,-29065724111.632652
2025-04-08 05:17:30.395257,-80573103893.63287,155645133080.12207,-126193596829.60771,-111645367176.47058,-67586786781.83794,8882460945.591843,-24757883531.450436
2025-04-09 05:17:30.395257,-297539962003.8433,301393834936.01605,-102814354958.03084,-2623129905.587578,-70132488464.42152,7372235360.375757,27166796041.487297
2025-04-10 05:17:30.395257,470860318569.1708,-242755829812.64993,-240683180766.48566,-33539550401.600616,-155806141833.48288,72147640130.08136,-18480568422.55108
2025-04-11 05:17:30.395257,-17475009356.6128,71433214085.285,-48385713499.80274,53016790019.85476,-41625230084.43565,-39433768543.97756,21923884741.51979
2025-04-14 05:17:30.395257,20988154181.950867,-32784259379.217525,121215257044.36151,123456557337.34668,-41911438261.50261,64574294960.71608,36487083890.66711
2025-04-15 05:17:30.395257,-746392389888.7504,11290156554.109331,565855770363.159,446180931176.81085,195271912079.45026,87729021799.3281,48259006481.11716
2025-04-16 05:17:30.395257,523101905694.74097,-422520217598.23126,52373343849.55169,148353565354.29828,60965523237.042046,21285615520.595596,-6013739061.883383
2025-04-17 05:17:30.395257,-70838235583.50996,-22227671491.218292,77265117216.82932,184574969433.8503,-18954493815.52033,88013188903.15099,11937857667.573654
2025-04-18 05:17:30.395257,-236403286316.7355,216048954051.84366,-22333774729.850166,51470723921.05417,108155035321.2454,22041721605.003666,-1600600864.3108318
2025-04-21 05:17:30.395257,-219733252312.75232,694154179376.4481,-575631364589.7125,-362090626785.51294,-66037998568.36279,-59429900735.975235,-46855605444.08819
2025-04-22 05:17:30.395257,-607281860123.1509,449750355571.33905,-7954162634.765063,9898871062.473246,-17832401702.384136,52432242470.275345,6089477502.693807
2025-04-23 05:17:30.395257,-983990742920.4388,1048238738334.3223,18069062982.307934,131492334440.22044,-121356473147.21707,-15537277029.798075,-22677342674.08065
2025-04-24 05:17:30.395257,-321147132211.07336,-410493704815.6722,738972633745.5859,361690013148.6279,262341655378.6543,68885411694.88757,60702219456.510574
2025-04-25 05:17:30.395257,-482160762578.2687,410872962038.5,-57708289434.336754,2242357226.6880646,-81020281225.04715,-60896703116.202194,-12177760417.6847
2025-04-28 05:17:30.395257,-287888293503.5906,67916213597.1452,90464202700.08374,14944640387.31417,-64177096807.827835,-84748199063.78752,8546403252.460974
2025-04-29 05:17:30.395257,-1095844183404.0537,1072679244386.6139,-10413530911.572994,-3373636253.462047,49045815418.16742,101248326860.28017,5145080885.344193
2025-04-30 05:17:30.395257,942344361664.7885,-424838797849.98956,-350603411285.8596,-82516860510.78592,51866938059.79173,-107750929978.9631,-22708270038.374527
2025-05-01 05:17:30.395257,70212029722.12671,-439018009212.99335,342846844354.50616,224818013414.69403,137783009796.42715,40364345473.88733,28876218247.230804
2025-05-02 05:17:30.395257,-58573361323.03479,-317320843794.80804,225579909806.03223,139991600699.2342,73311437963.82443,19996321476.458797,1780922357.8511238
2025-05-05 05:17:30.395257,816155925656.3834,-1078039816177.892,237309584112.9141,6400136369.7565155,77199633905.84712,50966772507.39215,29291425154.79059
2025-05-06 05:17:30.395257,522980777277.2153,-277436897813.5606,-272816236438.42166,-89064385260.3309,-11892469348.668945,-135574838.7984085,-40560405426.85606
2025-05-07 05:17:30.395257,-297933806874.7663,-392593150700.22064,420838293280.8298,317051394082.6054,122114088145.50421,106149418410.11172,23569506254.969727
2025-05-08 05:17:30.395257,351423191821.3624,63702640364.54058,-420555318837.68427,-36007718972.064514,-70051492569.06807,-92237169754.09955,17750814039.28148
2025-05-09 05:17:30.395257,-360066883225.7738,160916302064.82492,176057128140.0811,74856453388.74857,40421480825.61002,18052483531.691586,-11203770085.107437
2025-05-12 05:17:30.395257,-1517172352095.6484,929656300833.9968,657136687742.9935,416197045412.19,128297681153.62259,112699500685.864,19301934976.65265
2025-05-13 05:17:30.395257,13741139664.85379,468315367368.8872,-297160897539.2065,-153358170152.44836,-97130408951.17511,-57008690940.05833,-4579887883.782026
2025-05-14 05:17:30.395257,576361634341.1384,-293815812505.53107,-169889318880.83157,55811736647.848495,-48011617619.50502,54883880968.87489,-4902830305.24962
2025-05-15 05:17:30.395257,396254474716.9247,-453038753298.7001,29895409526.292366,8407692477.080208,-78668758804.5108,29033059010.856422,8507372461.785802
2025-05-16 05:17:30.395257,-203270629817.84744,243660735178.5402,-151042696234.85977,-62723465163.88194,-35125520586.70945,14087484867.26191,2231607791.2102814
2025-05-19 05:17:30.395257,1383417896680.0513,-660882887035.2253,-465199029319.8398,-218329766620.24994,-142469361221.51382,-36635790964.60533,-10565522094.756592
2025-05-20 05:17:30.395257,-931142715492.4404,916495666452.081,20568892441.808197,31002247780.720726,-51065687372.42691,61759026740.53748,23222441461.21487
2025-05-21 05:17:30.395257,-271934867626.2301,592018910935.3562,-318691114117.8315,-235858029925.7517,-54743515265.89238,-38752589182.48937,-7738182567.321323
2025-05-22 05:17:30.395257,86266170526.27654,-230756408427.83133,142077729190.55447,104655636804.16345,98015660155.34087,-43529938019.20915,2278733367.1568747
2025-05-23 05:17:30.395257,1146839026218.0356,-851203279871.1093,-275827270270.1409,-58133187176.10736,-9249623753.912537,-21389692952.88906,-339889489.4524231
2025-05-26 05:17:30.395257,-1163249101504.5005,683832738806.8442,464980321505.2619,176336662962.0511,14471034119.893524,37179203536.19782,61246654773.167404
2025-05-27 05:17:30.395257,226450590865.21008,-48840803852.362595,-234975987700.87112,-127688625205.83507,-96476604368.6911,-61677232242.618515,-14401474312.695026
2025-05-28 05:17:30.395257,-586937281072.8223,628869841810.4857,-96618454861.70267,-127983154410.93893,27714868427.070263,14825432708.499266,-24321508836.497963
2025-05-29 05:17:30.395257,538389084291.11957,-785719576523.6204,244055165210.90094,265937762019.0248,-313336634.7352905,98522428353.31693,34344371646.284504
2025-05-30 05:17:30.395257,601577509370.325,-286660691553.5148,-369259294930.1866,-373874267436.4894,-85083516485.88855,-54325315402.7249,-20870588025.581295
2025-06-02 05:17:30.395257,-156703795481.2269,17181236832.271645,68237980381.23882,-14949396498.415543,41150201027.47536,25677347687.13401,-40041491901.21878
2025-06-03 05:17:30.395257,-421082054420.8983,39582250905.359535,392142826284.72845,273006883277.28915,30011342513.76393,143932171174.47116,36555574857.24486
2025-06-04 05:17:30.395257,664155463293.1077,-207408214666.82492,-482244970368.3683,-132794579297.58691,-91180218766.37567,-60299086580.82682,-34818812237.49687
2025-06-05 05:17:30.395257,-235572912997.77716,330582054296.35474,55390157559.69126,26659068428.515976,-55623243233.97197,138392679342.97342,958842231.9013479
2025-06-06 05:17:30.395257,170058740405.0551,-513120559518.8834,77964838274.52707,-8741049704.603607,-14475414542.65527,39970208022.75626,10537848525.106644
2025-06-09 05:17:30.395257,-76428656052.52242,-48967520288.42453,234546861533.1931,328843823863.97485,62898469013.76547,-52856108727.81193,15537336672.240984
2025-06-10 05:17:30.395257,411791127385.2074,83902605127.9801,-371085213263.42456,-367452517999.6791,-153866729329.26837,-17995700934.287056,-4365224320.39044
2025-06-11 05:17:30.395257,-93708812666.74564,282506773351.21356,-396136983925.2829,-457562786017.1779,-57203659887.03663,-40362628344.65355,-28516576607.66101
2025-06-12 05:17:30.395257,-573478591509.1965,382627362416.0924,156582469685.06927,137950926816.37482,30334603990.679794,87975008156.89767,18091239447.775116
2025-06-13 05:17:30.395257,407729066927.9437,-533968555497.4787,89095401969.95583,3251818746.7123795,45443578114.84856,47023377858.99129,-736163453.1805525
2025-06-16 05:17:30.395257,521273003321.0017,-737172027896.5468,75147855103.76295,-57034568650.813545,26225277723.985664,4349379066.375752,18533602372.93821
2025-06-17 05:17:30.395257,-851972167078.5077,670256035470.3274,103934462849.09271,133196322439.39096,88993914068.51074,-45624742387.104385,17504072822.715706
2025-06-18 05:17:30.395257,-106157365633.71269,199107197560.67706,-204007416473.54724,-98024378507.00845,-34540258162.31409,-41052275335.33335,-28909144864.569267
2025-06-19 05:17:30.395257,445311444851.6483,-339760509657.58716,69676109148.30107,-14602197584.692184,-7535055226.602434,-32074606338.21985,25203447780.9157
2025-06-20 05:17:30.395257,-805945216106.6178,811591313431.7595,87921741989.60439,-75277394673.32681,23699223549.53507,-15837911191.79548,-6323181802.80074
2025-06-23 05:17:30.395257,246075725040.59033,95385209866.73587,-214305425407.91034,-41337522416.731735,-15696183629.762672,-2716893590.1560707,5445884695.227385
2025-06-24 05:17:30.395257,-1116294198741.1316,628729051802.0282,559732353343.427,400859529801.9223,114389474184.97063,167455078219.08435,35332363935.198166
2025-06-25 05:17:30.395257,-329427320920.23706,74372267524.97786,142149876273.53625,75372339386.18346,30459559814.90137,41056057932.17949,43871167349.57926
2025-06-26 05:17:30.395257,-767580533777.9083,1072519556310.7255,-357391049160.7946,-29770929891.710175,-106577794222.49669,-113402810475.87842,-22338872105.476772
2025-06-27 05:17:30.395257,-1069377208608.4998,921348582141.1425,196966082590.14893,11171172921.474106,6248170640.482376,51775045799.52937,2861968207.1434975
2025-06-30 05:17:30.395257,249463066449.19,-79271346270.18811,-292404501068.1964,-327995217733.3917,-128611163803.62396,15970899172.0531,-15008617171.164473
2025-07-01 05:17:30.395257,-697354308601.8315,532528770496.3348,236125381122.7356,72484421685.51692,134703913383.89409,4929661952.441231,5742673399.451271
2025-07-02 05:17:30.395257,-742575050379.574,370963836861.53925,347578673702.2212,203988602585.78293,7322572970.87999,45435942721.687294,33377771723.952065
2025-07-03 05:17:30.395257,-525401593134.39484,734124207884.9482,-246204695505.51315,-123388872371.03871,-83886198990.898,-36196294589.36712,-44636446944.007416
2025-07-04 05:17:30.395257,213203892168.52243,-431120734121.46985,289012838773.2966,149284097478.34494,21882204476.199448,4107010161.8824844,-6623006444.262253
2025-07-07 05:17:30.395257,-475307240149.95605,395899293217.6105,123834278080.94951,109506106499.99939,69513074463.41196,50989163404.33537,-15164344527.536386
2025-07-08 05:17:30.395257,-866333038273.248,583618373692.9932,246618047998.347,22816886379.96376,34576125685.068016,30945299769.36297,31337054239.388863
2025-07-09 05:17:30.395257,370326131433.79016,-823431045893.5496,569037894796.1842,485799197285.0365,176194682592.92352,106332306414.77902,62664162191.44772
2025-07-10 05:17:30.395257,499668094005.9429,-534157991965.0714,-73616434800.86115,-52384978719.77357,-48397818172.36566,-55417074110.23418,-5769806110.792487
2025-07-11 05:17:30.395257,1248326667464.0989,-960612257462.4258,-226120849307.24686,-23942926425.535355,-31274461750.25927,-55791042412.25755,-14682476929.162556
2025-07-14 05:17:30.395257,400331473439.3413,-74167018754.84593,-266854328887.65698,-125840062694.82376,-95138218440.51927,-3909081441.7599792,-11941673182.119223
2025-07-15 05:17:30.395257,-207051651856.99005,420840093415.22253,-244743085489.6315,-101170529378.40051,58308839290.74312,-55353120428.03307,11000411777.682232
2025-07-16 05:17:30.395257,-759036243566.6207,814780058615.0638,-23130512824.231262,43098420328.68163,-64006023516.32189,82878615638.03557,-19703588325.023045
2025-07-17 05:17:30.395257,-329638439910.2693,102181489826.74583,102345592444.99316,106178211468.72739,35960154000.350006,-4629970413.981144,9884659276.945362
2025-07-18 05:17:30.395257,-871578977330.6283,880974439452.3126,83007239799.00572,114076619866.15784,48290292006.40607,23685322257.445152,23654314585.598885
2025-07-21 05:17:30.395257,355206307035.86456,-621851495390.9706,248154974710.80713,281808237839.7274,70320949814.73634,83852787800.27557,22429632134.337265
2025-07-22 05:17:30.395257,725786549296.0178,-781959418911.2938,3900567563.372106,21992457508.170273,-8484269431.210993,-70333201512.14577,3986660710.143473
2025-07-23 05:17:30.395257,-374649818931.2886,43490518367.78256,436060223147.195,332536509647.1682,80721009642.7677,-22631407126.95954,41823933008.702576
2025-07-24 05:17:30.395257,-255866978418.44305,264829659335.55396,-79397049971.38683,-56611799411.55476,-13688836395.321886,-88192373224.21277,-58034498358.554085
2025-07-25 05:17:30.395257,-1014879007481.9038,57982127868.66225,816050749976.8856,633642171531.0786,155860049913.9527,185536817667.89194,54360043889.46243
2025-07-28 05:17:30.395257,614495859372.5288,-957858981054.421,187700204329.50186,44980892391.77414,85733996705.64586,562123354.8029404,-3696503446.0733833
2025-07-29 05:17:30.395257,284913645800.5173,32834616258.931454,-257147266924.88477,25805683136.150726,59096696694.59061,89337874244.6799,-49470021283.373375
2025-07-30 05:17:30.395257,766532361355.9979,-573307547187.2925,-321267749418.3337,-196776444715.43454,-92128139134.05843,-76402542345.61948,-5839335480.41707
2025-07-31 05:17:30.395257,-384558350904.4808,415296044529.96173,144741724572.95557,-56232475468.03148,-39541804064.36278,30938823845.79518,34710257131.90694
2025-08-01 05:17:30.395257,-406445565403.792,265291460213.1751,-67038835597.75527,-27412859867.574234,-17821869537.113796,67049672288.73049,-6100912072.441601
2025-08-04 05:17:30.395257,341860477550.49445,-386414988949.1182,214200148227.6276,60414923189.08847,171825496528.24146,132434666642.10028,29767498355.440155
2025-08-05 05:17:30.395257,51006446752.17734,-171875987403.97894,141971287372.06345,169247127322.11047,-11789470924.073853,124370871937.6294,39344129528.37608
2025-08-06 05:17:30.395257,455194085240.3222,-443016722630.2996,-21848673797.061832,-78371602208.4762,77586105512.791,57141010460.097855,25205855381.827858
2025-08-07 05:17:30.395257,142763150012.22778,56783056727.39873,-254038115420.52148,-197041212573.79086,33077417619.71772,13097408977.494896,20097384816.40178
2025-08-08 05:17:30.395257,-72858553823.44574,567226332664.4122,-454454167405.7594,-461626573538.0087,-118570245566.55162,-38541777650.80475,-7880158548.850126
2025-08-11 05:17:30.395257,531866299081.79175,-401675283704.1703,-133954485620.10634,-125603323296.97147,1658256835.2424927,18824880965.315937,-5189051502.973461
2025-08-12 05:17:30.395257,-491333014367.7216,344743564272.33215,256919638297.0417,-88236149684.67065,132803758815.83525,10978659928.129581,-19193334323.091286
2025-08-13 05:17:30.395257,118070577250.14482,-170875935623.00204,64228123239.06119,-119853408405.13562,-6110762401.562117,-31275725685.25618,-1709843600.6459117
2025-08-14 05:17:30.395257,689402785277.9294,-300650975518.14526,-373721633613.5964,-148191514553.7281,-84923344727.83737,-56226967912.58705,-35551013587.003654
2025-08-15 05:17:30.395257,-132118326662.29651,43802827685.55631,51954277755.3546,109752582518.29597,-18693190146.361267,-716089462.9432325,46016568237.72401
2025-08-18 05:17:30.395257,297480810206.2856,-418770586497.0434,115595213918.65103,111902884529.68709,-27618793750.91313,-5322120378.566105,2262044447.28582
2025-08-19 05:17:30.395257,472378918660.6848,-176441510911.13895,-265157230860.3399,-255791952829.12524,-85495323425.36835,-4954212256.215218,-10793765407.327282
2025-08-20 05:17:30.395257,279888866432.8428,-497023237482.1637,46117531783.65837,22899383455.997036,-51973506981.38115,54682890196.074295,13335584109.99227
2025-08-21 05:17:30.395257,-1238092000064.635,1085810842320.2637,17462615533.79997,10117315411.22314,5196696519.721298,7039736644.662363,1745179704.139073
2025-08-22 05:17:30.395257,294604879853.71674,122612618897.74168,-342891089349.18695,-321571122528.7665,-107076879422.76949,22442840650.385048,16756466341.155714
2025-08-25 05:17:30.395257,153099679742.91617,-243349344034.60696,107336208104.48499,214741555039.40604,33156537210.434383,-40984024491.0025,-7086176829.464789
2025-08-26 05:17:30.395257,-401669623924.3435,215035932378.60522,168235357910.4703,188677443803.8493,-44147710728.0873,15552330722.58464,12303917000.26837
2025-08-27 05:17:30.395257,-376486498861.9315,53414519215.88778,324915372952.58307,172852806388.58344,81527086201.23947,12896189912.747215,1396356933.66819
2025-08-28 05:17:30.395257,-282008756418.80334,626311344.4995952,316140615610.4709,192372953265.7356,104904571202.5404,-45905738512.08237,-10593419443.890575
2025-08-29 05:17:30.395257,-60402185826.44098,419727028182.63214,-413300810387.1273,-227142205437.52112,-182346944205.99823,-66129155850.204056,-32900422337.462074
2025-09-01 05:17:30.395257,-289413060800.07495,492930100234.38055,-281347511974.53687,-372981994027.1512,-37566673902.52878,-48289502215.3447,-14808111539.695086
2025-09-02 05:17:30.395257,14615706891.89758,-149541761544.72736,154510580162.59793,67988609845.49907,92285565656.1842,98849074186.49625,-860515482.2153025
2025-09-03 05:17:30.395257,-81305322023.17068,-170667741011.99518,154135785273.66266,24283046364.417732,-29654893879.827747,54660952018.78828,-6141630333.793984
2025-09-04 05:17:30.395257,-94937128104.69843,-18751902215.66877,154514305891.81436,-7453417454.402939,114531480520.24803,-28032195332.68809,-20400633978.84596
2025-09-05 05:17:30.395257,-295423738662.3696,-1030654068957.8307,1155819447196.4163,665381639029.2543,252114839907.5855,266077545396.17184,56128860907.24692
2025-09-08 05:17:30.395257,567404861164.1202,-635756450639.506,171267153207.9501,282528944609.72235,-997162146.3304176,86741757757.46016,-21531049820.222538
2025-09-09 05:17:30.395257,-1100218725044.7163,806808781231.8408,340669692054.1797,268486101359.2088,65345484527.95064,80205338981.55774,32234603876.501038
2025-09-10 05:17:30.395257,-1207985626926.6018,947388071310.0287,286200529047.9607,114602418450.49672,85156451435.67825,31605874414.702503,15958821511.0881
2025-09-11 05:17:30.395257,-99067038828.19421,1918761831.0062363,195417375391.73938,174508703370.6595,42883744648.96845,-18659355527.413082,-19380161219.71164
2025-09-12 05:17:30.395257,-155119612348.52567,416247830186.887,-94580773392.10368,83187079623.33798,8021644943.89772,-32797454812.368202,-10913220210.602453
2025-09-15 05:17:30.395257,-411380752626.7475,285126992980.5803,227690766147.98022,229077827980.065,-495526424.3722687,88591045907.40633,-3658589804.412651
2025-09-16 05:17:30.395257,-1622714745758.1328,1670474886986.2397,-231847564361.27155,-133145501624.7455,-37901471670.45041,59452180642.53973,-5208888009.679969
2025-09-17 05:17:30.395257,-749266620177.2849,692354505525.7174,-71045582022.00267,-107321026983.759,-84894841249.64954,66505339110.30905,23256729819.362755
2025-09-18 05:17:30.395257,12986385461.308884,70140821117.85428,-145609064348.73105,-17543107247.87964,-34683115937.18123,-46283830741.62337,-44783902610.35145
2025-09-19 05:17:30.395257,320184899597.3535,-342138036392.16693,24562241815.896767,54085883631.71301,-40282933710.060135,-52296535392.06605,3528633673.7431817
2025-09-22 05:17:30.395257,23426741215.791573,-666058409170.9319,694397570002.0526,506157864004.00476,102103016870.9222,111203947845.86809,31517222588.76982
2025-09-23 05:17:30.395257,247176040520.9035,240429135941.27435,-560179557777.5244,-272590554498.3177,-50231252794.98302,-172448901944.77124,-14582176359.866907
2025-09-24 05:17:30.395257,50744106920.03416,-237945487584.6804,205878057112.35406,228482105799.34595,95741117452.18427,47040094276.09218,14557835420.371487
2025-09-25 05:17:30.395257,977640870813.1206,-569364402691.5574,-483814761356.89545,-343812377970.1941,-66306046226.02023,-79952343518.46776,-39230124702.621155
2025-09-26 05:17:30.395257,260419202401.81042,-179991422964.17517,-141579559736.83005,46791670721.33455,-82931550180.99496,-44538759053.936615,-13460056700.173866
2025-09-29 05:17:30.395257,-71404873174.73111,-395946415600.30096,326685179090.20984,215771067923.36584,49516613333.30187,-30732376499.808296,413741818.44071007
2025-09-30 05:17:30.395257,-1101538301132.7168,989930970792.9875,19284005728.638832,219096490699.70984,64511686144.686935,28572606187.781654,22484343058.403908
2025-10-01 05:17:30.395257,-400557625964.0803,588712598781.2388,-323323433378.7918,-262912841836.23187,-57578840993.76312,-75133556989.91434,-15739938695.500746
2025-10-02 05:17:30.395257,-28435179217.75592,145438966698.01312,-214591112777.99048,44841712649.73065,73048254443.48662,-90684508702.21298,27294258076.160618
2025-10-03 05:17:30.395257,-989445068870.762,890929923851.1432,203879324680.40277,142118673154.50644,60441756905.79915,-113031211962.02205,8980749957.727724
2025-10-06 05:17:30.395257,-67004474647.80112,191174575279.74783,-219109989515.14102,-196607794070.52945,-34219542078.526627,-34242243679.802963,-25123634813.96631
2025-10-07 05:17:30.395257,474919741767.5313,-276619112158.3847,64937576874.59246,-9426037280.676674,-2468307835.2065754,98353216364.67607,-27027409008.52692
2025-10-08 05:17:30.395257,-881457356073.4396,917117594190.3843,13671551971.144135,-23831799636.745537,9411355633.342941,85113693523.06511,-35379215926.56169
2025-10-09 05:17:30.395257,-212579427796.46085,426543144447.69336,-195480104281.74512,-74871467928.85544,-46719512675.37622,-52176828471.57536,-41456724074.19705
2025-10-10 05:17:30.395257,-369016617307.6632,-360002387508.0558,643183226797.5977,438193484882.1085,164042079193.94904,66366881001.55062,37501694360.10955
2025-10-13 05:17:30.395257,-185128636417.68097,64983917663.17673,190175706695.40338,56735423623.38412,85870257178.80988,51965068808.06169,19683285799.368847
2025-10-14 05:17:30.395257,826102296311.094,-276123302937.5893,-607542775997.2821,-366961124824.4675,-160808028224.85388,-141050688359.0069,-62000952840.506775
2025-10-15 05:17:30.395257,484446161711.2782,-528181474677.5704,55936294430.8283,247788812519.68335,-55374388791.723236,23480039155.59754,20697581003.063725
2025-10-16 05:17:30.395257,-173295338362.83096,627839731620.2268,-198535939430.5164,53632753351.76131,-131517456541.2681,8523623004.657055,-19588018005.19461
2025-10-17 05:17:30.395257,-1386327835550.612,1120991845139.2798,255730000438.8672,197070367230.7235,76545566433.40062,99706161260.04546,15722360261.654346
2025-10-20 05:17:30.395257,884151249113.9253,-531467694955.5476,-237756221529.81018,-138853385101.06607,-102719574614.65572,-40671137053.46916,20356601488.617977
2025-10-21 05:17:30.395257,-486729987421.6359,450833277349.1169,-34420932440.0697,-8649426792.215689,-114528716135.6381,-15346827374.85875,16215739695.307154
2025-10-22 05:17:30.395257,-554974236.5596948,-154440058507.27362,151496183694.13715,152249507489.52396,49728166965.37564,-21174701783.707485,2204196226.590211
2025-10-23 05:17:30.395257,-11497595908.585724,-71148898778.89973,259726558251.03644,53556678430.781296,176595287521.8468,-2385033964.3375397,-4837516595.753925
2025-10-24 05:17:30.395257,419642818304.13403,-122250601966.17792,-360088922116.73285,-241791007012.3742,-72321330000.34123,-65337282912.586266,-61040754132.422745
2025-10-27 05:17:30.395257,538111684188.82025,-256516457636.84286,-100350370752.28452,-227068629839.12964,21854464572.125187,3315719727.9662266,-19400584922.462627
2025-10-28 05:17:30.395257,11986478668.547363,201272308225.28705,-142483593348.28687,-45567843748.4442,-24405250742.279125,24306692309.419437,-11346784443.968233
2025-10-29 05:17:30.395257,376683089085.5237,-236930996902.83688,-195998769772.11356,-52879667892.994026,-44144236613.97985,-69558762999.83427,-29543529031.62936
2025-10-30 05:17:30.395257,-781700539421.1869,315305041242.40985,529636272084.3291,269463117020.66006,151881078566.25427,154079869260.62546,23856674262.37036
2025-10-31 05:17:30.395257,-180729209003.34406,156490140677.73038,121494513288.28665,230295384301.97525,9785175448.224766,4667996941.114557,7611763323.589698
2025-11-03 05:17:30.395257,376778443503.3308,63667739018.90242,-378265186300.51355,-349535678080.54224,-62283421556.50756,-57808142662.49884,-23410378951.18725
2025-11-04 05:17:30.395257,-163273554586.5952,-269107501518.88324,275358584116.4328,18777662448.877655,71156607133.08725,3943203660.0737534,767877589.3524437
2025-11-05 05:17:30.395257,-607181807953.8346,-102178768732.44221,636646859103.7899,404433297318.2711,93924849138.60556,-25714984148.078598,35205436394.524055
2025-11-06 05:17:30.395257,-899926518234.9052,565435076514.4105,309739578165.34406,290553577160.4219,111550033109.89496,90663206542.8541,24325791899.655388
2025-11-07 05:17:30.395257,8637022412.66798,439730624463.53143,-455810989786.20404,-105093824725.93555,-99910185792.01125,-31529453613.308937,-44598531038.16713
2025-11-10 05:17:30.395257,505310456313.06934,-297973024698.1261,-145270221859.87543,-133050559402.81924,-66841302346.617325,-35856911134.89198,20955136501.931633
2025-11-11 05:17:30.395257,-604306562128.2322,242003317465.57077,380073344755.9868,335912090196.7216,102840161129.71754,60360537574.64162,17031904592.114109
2025-11-12 05:17:30.395257,-490796889672.0367,569563293486.6608,-212300839685.63422,-131231350761.45125,-87383567026.67871,-6048165067.64016,-10238049525.384758
2025-11-13 05:17:30.395257,544174298366.839,-639300341710.1112,133145828443.86853,62624767072.23916,28038223557.23012,-58155418577.74686,20821579887.32457
2025-11-14 05:17:30.395257,-639946603590.7693,468614962090.35065,232390216028.80103,227800123365.94785,46022093373.55003,8405898537.005413,16283833426.710085
2025-11-17 05:17:30.395257,466902632789.26074,-132844446522.73178,-278079141473.4249,-101615197042.713,-1321050003.1060867,-1998637239.9223862,5158775604.593657
2025-11-18 05:17:30.395257,-359363654922.57745,485299334296.57965,-17857606818.540024,-168353779789.54895,20163390280.289635,-65393112181.24348,4849602963.109484
